[187, 189, 180, 170, 170, 167, 155, 146, 285, 272, 290, 297, 266, 263, 238, 209, 304, 294, 439, 517, 410, 441, 503, 482, 311, 304, 516, 536, 399, 457, 539, 544, 361, 356, 521, 541, 457, 513, 546, 539, 530, 527, 532, 528, 495, 534, 542, 547, 1593, 1612, 1621, 506, 963, 907, 804, 602, 1594, 1587, 1631, 1588, 1002, 927, 797, 601]
[188, 183, 176, 176, 163, 159, 152, 147, 281, 275, 296, 299, 267, 262, 212, 216, 307, 296, 431, 503, 411, 470, 496, 486, 304, 304, 503, 532, 402, 463, 540, 541, 360, 342, 522, 536, 456, 501, 542, 535, 526, 531, 532, 537, 508, 534, 544, 540, 1574, 1602, 1579, 1608, 471, 917, 733, 607, 1594, 1607, 1593, 1636, 972, 931, 783, 601]
[185, 183, 171, 175, 173, 157, 157, 147, 281, 271, 291, 260, 267, 264, 243, 210, 304, 295, 426, 501, 420, 453, 502, 480, 306, 306, 510, 537, 394, 461, 537, 543, 366, 348, 529, 538, 450, 505, 544, 543, 527, 522, 533, 527, 501, 521, 540, 540, 1601, 1605, 1617, 1590, 460, 920, 585, 593, 1591, 1575, 1595, 1618, 994, 913, 765, 593]
[177, 187, 174, 173, 163, 166, 153, 147, 270, 274, 293, 299, 274, 240, 223, 210, 307, 294, 438, 490, 410, 471, 492, 475, 306, 306, 517, 535, 403, 455, 538, 542, 361, 358, 516, 536, 456, 511, 540, 537, 516, 528, 532, 534, 491, 525, 544, 536, 1567, 1562, 1611, 509, 453, 934, 572, 596, 1591, 1599, 1568, 1616, 989, 907, 785, 593]
[182, 184, 170, 168, 174, 165, 150, 146, 280, 272, 296, 267, 270, 255, 219, 213, 304, 293, 435, 494, 406, 469, 496, 492, 305, 308, 510, 527, 402, 456, 539, 541, 347, 357, 521, 533, 451, 506, 542, 541, 528, 528, 529, 532, 490, 529, 544, 546, 1602, 1582, 1611, 501, 459, 923, 852, 600, 1593, 1602, 1594, 1618, 983, 930, 780, 599]
[185, 187, 175, 176, 171, 155, 156, 146, 282, 274, 282, 260, 271, 251, 217, 230, 306, 298, 439, 518, 406, 456, 492, 484, 305, 304, 513, 533, 395, 455, 536, 539, 344, 358, 527, 537, 452, 504, 542, 540, 515, 522, 529, 533, 493, 537, 547, 542, 502, 1592, 1618, 1584, 441, 928, 562, 604, 1593, 1595, 1583, 1613, 965, 913, 791, 591]
[182, 190, 183, 173, 166, 161, 158, 149, 286, 280, 268, 266, 259, 243, 223, 209, 309, 297, 441, 513, 447, 453, 494, 470, 303, 305, 503, 537, 494, 516, 542, 541, 362, 354, 530, 536, 428, 446, 543, 545, 522, 521, 528, 541, 411, 480, 536, 534, 1566, 1595, 1611, 434, 366, 409, 816, 598, 1634, 1605, 1593, 334, 326, 903, 788, 591]
[188, 185, 183, 168, 168, 163, 157, 152, 284, 271, 280, 276, 244, 206, 211, 219, 307, 295, 425, 487, 453, 422, 432, 369, 306, 308, 506, 530, 521, 488, 437, 532, 354, 338, 529, 536, 521, 535, 496, 529, 525, 527, 527, 535, 518, 503, 415, 534, 448, 497, 490, 502, 437, 212, 201, 600, 1634, 1620, 1594, 1626, 204, 183, 756, 590]
[191, 189, 184, 173, 169, 166, 158, 152, 276, 272, 275, 276, 241, 205, 210, 218, 303, 298, 403, 478, 375, 195, 219, 430, 300, 303, 484, 529, 504, 190, 468, 538, 336, 316, 358, 515, 509, 161, 164, 539, 411, 308, 326, 526, 483, 192, 196, 527, 276, 270, 309, 500, 494, 210, 609, 597, 274, 289, 1609, 1607, 1005, 173, 715, 591]
[186, 184, 173, 169, 170, 167, 160, 147, 298, 304, 284, 261, 424, 202, 302, 373, 443, 418, 496, 503, 372, 433, 436, 382, 434, 427, 528, 532, 512, 196, 509, 526, 434, 423, 527, 537, 508, 161, 167, 541, 384, 401, 522, 526, 502, 193, 194, 540, 372, 1586, 1588, 1586, 340, 351, 602, 603, 274, 1598, 1603, 1596, 987, 170, 742, 587]
[507, 361, 292, 168, 175, 161, 157, 151, 292, 295, 299, 276, 264, 308, 300, 391, 443, 416, 491, 506, 418, 447, 442, 362, 448, 438, 537, 526, 540, 538, 480, 533, 497, 495, 537, 538, 507, 159, 163, 533, 532, 527, 532, 532, 511, 194, 192, 541, 1574, 1611, 1625, 1581, 380, 205, 191, 610, 1573, 1562, 1628, 1614, 990, 171, 726, 595]
[174, 180, 378, 166, 176, 165, 156, 149, 292, 297, 295, 290, 382, 308, 294, 378, 451, 414, 517, 504, 512, 492, 460, 499, 450, 438, 530, 532, 504, 550, 487, 531, 499, 487, 526, 532, 509, 159, 164, 535, 526, 532, 530, 538, 496, 193, 194, 534, 1618, 1579, 516, 508, 353, 740, 558, 590, 1607, 1609, 1617, 1621, 978, 171, 759, 598]
[189, 359, 298, 390, 169, 166, 159, 149, 298, 300, 264, 260, 263, 270, 329, 206, 443, 416, 513, 500, 377, 432, 480, 357, 457, 442, 533, 539, 510, 523, 526, 537, 501, 496, 535, 539, 506, 160, 164, 537, 523, 533, 528, 533, 534, 190, 197, 541, 1592, 1593, 1623, 503, 363, 305, 201, 590, 1595, 1609, 1620, 1623, 995, 170, 733, 601]
[446, 177, 175, 171, 170, 165, 160, 149, 292, 305, 278, 272, 425, 336, 329, 331, 453, 416, 496, 486, 369, 502, 453, 367, 450, 439, 526, 531, 538, 199, 488, 534, 499, 497, 527, 534, 516, 159, 165, 533, 527, 529, 533, 535, 536, 193, 192, 539, 1595, 1588, 1611, 1634, 396, 204, 204, 600, 1649, 1593, 1654, 1631, 958, 171, 734, 593]
[178, 182, 254, 171, 172, 165, 158, 152, 297, 291, 263, 291, 251, 309, 303, 453, 452, 416, 511, 489, 443, 435, 500, 378, 456, 441, 535, 531, 510, 504, 484, 531, 505, 489, 530, 535, 507, 161, 164, 533, 527, 534, 535, 533, 501, 193, 194, 534, 1584, 1619, 1605, 521, 335, 192, 187, 600, 1623, 1592, 1602, 1608, 1013, 173, 740, 610]
[178, 176, 293, 170, 166, 163, 159, 149, 284, 312, 294, 289, 420, 205, 350, 395, 446, 418, 500, 495, 371, 502, 444, 364, 449, 439, 537, 536, 515, 476, 478, 536, 500, 490, 535, 527, 509, 158, 166, 536, 517, 534, 534, 532, 500, 191, 194, 530, 512, 1599, 1593, 515, 303, 205, 193, 603, 1620, 1588, 1617, 1582, 1000, 170, 749, 591]
[180, 283, 256, 696, 168, 165, 157, 147, 304, 282, 294, 275, 435, 211, 346, 370, 446, 418, 503, 491, 384, 437, 495, 422, 459, 442, 530, 535, 508, 197, 526, 527, 499, 495, 537, 533, 511, 162, 164, 536, 527, 530, 528, 532, 507, 191, 191, 544, 1592, 1567, 1625, 504, 337, 306, 204, 591, 1606, 1623, 1611, 1606, 994, 169, 744, 596]
[486, 178, 380, 288, 166, 163, 160, 149, 302, 295, 266, 251, 422, 202, 218, 386, 444, 420, 495, 500, 381, 441, 438, 362, 454, 437, 531, 526, 508, 198, 516, 531, 501, 491, 532, 533, 509, 160, 165, 537, 521, 529, 535, 531, 505, 194, 196, 540, 1582, 1603, 1558, 497, 331, 201, 192, 588, 1621, 1590, 1585, 1676, 998, 170, 739, 596]
[177, 178, 251, 168, 168, 164, 159, 149, 310, 309, 303, 291, 241, 357, 329, 390, 442, 421, 488, 490, 381, 445, 485, 373, 450, 439, 531, 535, 512, 199, 483, 521, 496, 492, 534, 535, 532, 160, 164, 534, 525, 527, 541, 542, 532, 195, 194, 545, 1573, 1591, 1637, 509, 317, 413, 731, 596, 1596, 1614, 1620, 1630, 987, 170, 764, 602]
[466, 371, 178, 167, 164, 169, 159, 145, 311, 309, 292, 288, 257, 208, 329, 377, 439, 419, 501, 497, 370, 368, 484, 352, 457, 444, 530, 537, 523, 197, 484, 533, 501, 487, 531, 537, 514, 160, 166, 535, 531, 528, 528, 532, 528, 191, 189, 535, 1599, 1601, 1605, 501, 392, 206, 194, 602, 1548, 1603, 1579, 1603, 1025, 171, 763, 594]
[355, 286, 380, 167, 169, 164, 157, 154, 309, 300, 301, 261, 380, 353, 304, 388, 440, 412, 493, 483, 371, 444, 444, 433, 455, 439, 531, 537, 506, 198, 518, 531, 501, 484, 536, 535, 511, 159, 165, 538, 527, 521, 531, 532, 502, 191, 194, 537, 1597, 1629, 1604, 537, 401, 204, 201, 583, 1548, 1611, 1618, 1620, 989, 171, 761, 585]
[188, 176, 388, 173, 170, 167, 157, 145, 292, 292, 294, 276, 243, 208, 329, 456, 440, 420, 508, 511, 377, 509, 453, 366, 452, 440, 538, 531, 514, 196, 482, 537, 498, 489, 534, 536, 515, 159, 166, 544, 526, 532, 529, 536, 532, 189, 195, 540, 1590, 1600, 1638, 1610, 417, 323, 207, 604, 1548, 1608, 1595, 1609, 956, 171, 757, 591]
[181, 183, 173, 173, 168, 168, 157, 148, 291, 297, 275, 288, 381, 201, 300, 458, 449, 418, 492, 498, 354, 448, 440, 361, 451, 434, 533, 535, 514, 198, 468, 530, 504, 488, 534, 532, 510, 159, 165, 527, 529, 528, 527, 539, 502, 190, 193, 541, 1577, 1591, 1580, 1627, 357, 322, 828, 587, 1548, 1594, 1608, 1602, 985, 171, 768, 596]
[172, 170, 175, 165, 160, 154, 149, 146, 311, 297, 287, 266, 278, 249, 214, 209, 450, 424, 492, 508, 504, 511, 497, 489, 458, 436, 537, 534, 535, 537, 534, 545, 499, 488, 532, 535, 539, 534, 544, 536, 525, 524, 530, 538, 541, 536, 540, 537, 1558, 1614, 517, 524, 531, 918, 772, 589, 1598, 1607, 1604, 1609, 1023, 942, 291, 584]
[184, 178, 173, 169, 163, 159, 151, 146, 314, 316, 273, 263, 279, 250, 216, 212, 449, 419, 513, 513, 512, 510, 505, 480, 456, 440, 535, 539, 539, 543, 539, 543, 504, 488, 531, 541, 540, 540, 541, 537, 532, 532, 530, 534, 540, 538, 542, 539, 1592, 1595, 1623, 525, 979, 928, 584, 612, 1570, 1598, 1603, 1629, 969, 923, 771, 593]
[188, 178, 174, 171, 170, 161, 155, 147, 302, 295, 292, 269, 255, 274, 222, 210, 445, 416, 519, 509, 510, 508, 505, 481, 458, 444, 539, 532, 530, 539, 537, 544, 498, 499, 529, 535, 540, 545, 543, 538, 530, 531, 539, 534, 535, 537, 545, 542, 1545, 1610, 1605, 526, 528, 919, 579, 598, 1583, 1593, 1611, 1639, 1019, 878, 758, 592]
[182, 183, 177, 163, 164, 161, 150, 145, 314, 323, 310, 267, 273, 264, 213, 209, 440, 421, 508, 507, 508, 514, 493, 487, 445, 441, 537, 535, 536, 533, 537, 537, 509, 492, 526, 534, 539, 538, 547, 541, 526, 528, 532, 532, 533, 539, 538, 546, 1578, 1582, 535, 518, 534, 891, 570, 585, 1583, 1602, 1602, 1602, 946, 832, 712, 590]
[168, 183, 168, 167, 163, 164, 148, 146, 314, 298, 309, 301, 294, 249, 220, 208, 447, 425, 501, 507, 503, 514, 515, 490, 453, 444, 533, 538, 541, 537, 538, 537, 495, 494, 535, 538, 536, 536, 542, 539, 529, 530, 533, 540, 536, 538, 536, 544, 1591, 1588, 1614, 520, 524, 911, 589, 591, 1606, 1575, 1609, 1602, 260, 255, 730, 598]
[174, 173, 170, 166, 165, 164, 150, 147, 313, 320, 310, 274, 289, 268, 220, 209, 450, 425, 520, 521, 506, 509, 493, 507, 454, 445, 530, 539, 534, 539, 536, 540, 503, 492, 535, 536, 534, 543, 545, 542, 529, 530, 540, 542, 539, 535, 542, 537, 1571, 1626, 1581, 518, 485, 390, 569, 592, 1618, 1616, 1599, 1621, 185, 203, 710, 603]
[172, 174, 168, 161, 161, 158, 154, 148, 316, 309, 265, 293, 248, 221, 222, 205, 443, 415, 514, 496, 512, 484, 478, 475, 453, 434, 527, 532, 530, 531, 527, 537, 497, 491, 540, 536, 484, 539, 534, 533, 531, 526, 534, 532, 529, 490, 532, 541, 1617, 1586, 504, 488, 496, 216, 538, 600, 1607, 1618, 1632, 1584, 255, 210, 741, 606]
[175, 180, 175, 167, 168, 173, 159, 147, 295, 314, 270, 254, 212, 204, 205, 205, 442, 421, 491, 497, 523, 394, 501, 464, 457, 438, 529, 529, 530, 176, 514, 537, 503, 488, 532, 527, 174, 163, 248, 539, 527, 532, 539, 533, 233, 171, 189, 536, 1562, 1613, 1595, 467, 209, 177, 696, 594, 1596, 1615, 1603, 1618, 164, 162, 760, 591]
[179, 181, 180, 170, 169, 174, 158, 147, 297, 305, 263, 279, 194, 192, 216, 205, 451, 419, 502, 479, 204, 192, 492, 454, 449, 436, 530, 529, 291, 180, 517, 542, 497, 487, 532, 536, 172, 163, 268, 541, 523, 526, 530, 530, 231, 171, 187, 542, 1597, 1618, 1626, 488, 235, 185, 645, 604, 1596, 1644, 1576, 1612, 163, 155, 752, 598]
[175, 183, 168, 169, 168, 170, 157, 147, 293, 296, 296, 260, 197, 192, 213, 207, 453, 419, 511, 496, 208, 192, 469, 430, 455, 444, 532, 524, 288, 185, 372, 539, 499, 486, 535, 523, 178, 167, 252, 541, 525, 528, 523, 524, 238, 174, 187, 539, 1585, 1627, 1596, 489, 404, 184, 668, 595, 1644, 1586, 1589, 1642, 159, 158, 764, 595]
[177, 178, 179, 168, 168, 173, 159, 150, 298, 296, 262, 254, 195, 190, 203, 200, 452, 414, 496, 494, 219, 195, 477, 463, 449, 437, 530, 534, 286, 182, 361, 538, 500, 499, 533, 531, 173, 164, 271, 540, 528, 529, 528, 529, 244, 173, 185, 541, 1590, 1568, 1594, 503, 397, 180, 724, 594, 1567, 1589, 1602, 1633, 161, 162, 782, 592]
[174, 180, 169, 166, 173, 173, 157, 147, 315, 294, 274, 272, 197, 191, 214, 207, 446, 411, 512, 496, 205, 195, 469, 518, 453, 444, 533, 537, 283, 177, 368, 535, 503, 497, 528, 533, 177, 163, 268, 537, 523, 535, 531, 534, 226, 170, 183, 540, 1594, 1601, 1631, 463, 1016, 181, 680, 583, 1596, 1600, 1614, 1604, 161, 161, 762, 601]
[179, 178, 169, 170, 177, 171, 158, 145, 306, 310, 259, 256, 196, 202, 207, 215, 451, 420, 502, 494, 204, 190, 474, 518, 450, 444, 530, 534, 280, 182, 356, 542, 499, 490, 533, 537, 185, 163, 272, 539, 524, 532, 527, 531, 236, 169, 184, 543, 1584, 1630, 1621, 479, 231, 174, 706, 600, 1609, 1629, 1592, 1620, 157, 163, 784, 593]
[179, 181, 172, 171, 171, 169, 158, 145, 287, 298, 266, 256, 203, 192, 205, 203, 443, 419, 508, 492, 203, 193, 470, 463, 454, 441, 535, 528, 265, 181, 370, 539, 503, 496, 534, 540, 183, 167, 270, 539, 538, 530, 531, 528, 226, 169, 183, 541, 516, 1595, 1610, 528, 393, 171, 205, 594, 1609, 1608, 1626, 352, 162, 158, 759, 607]
[183, 178, 174, 172, 171, 170, 157, 146, 301, 287, 261, 283, 195, 191, 205, 212, 438, 418, 494, 497, 205, 197, 513, 481, 452, 437, 531, 534, 261, 185, 356, 537, 506, 487, 530, 538, 176, 164, 268, 539, 526, 531, 529, 535, 223, 170, 191, 541, 1597, 1630, 1606, 494, 396, 180, 705, 583, 1609, 1614, 1611, 1613, 161, 158, 773, 600]
[177, 184, 182, 174, 170, 175, 161, 143, 313, 311, 293, 261, 203, 191, 207, 206, 436, 415, 495, 493, 222, 188, 475, 409, 453, 443, 525, 526, 286, 178, 363, 538, 503, 495, 531, 537, 186, 163, 274, 538, 528, 535, 535, 531, 217, 169, 188, 546, 1574, 1605, 1604, 491, 395, 173, 213, 600, 1575, 1597, 1610, 1608, 162, 158, 758, 601]
[180, 174, 174, 174, 175, 170, 160, 146, 295, 303, 286, 270, 210, 189, 204, 203, 449, 421, 500, 487, 217, 191, 498, 520, 456, 438, 530, 533, 287, 179, 534, 537, 503, 498, 537, 530, 185, 164, 271, 543, 530, 525, 531, 527, 226, 174, 183, 544, 1564, 1593, 1621, 474, 396, 176, 675, 592, 1587, 1590, 1605, 1615, 161, 156, 785, 600]
[180, 178, 176, 171, 170, 171, 157, 150, 315, 294, 264, 255, 190, 191, 203, 205, 440, 416, 512, 486, 232, 195, 479, 472, 454, 446, 536, 537, 311, 182, 379, 540, 499, 488, 534, 536, 184, 163, 267, 540, 528, 530, 529, 533, 230, 171, 183, 548, 1573, 1598, 1619, 479, 393, 181, 207, 601, 1572, 1592, 1612, 1629, 163, 156, 757, 603]
[182, 177, 169, 162, 171, 174, 159, 154, 299, 310, 294, 250, 203, 192, 200, 209, 446, 412, 497, 486, 216, 194, 506, 422, 457, 444, 535, 534, 264, 179, 363, 538, 496, 487, 535, 531, 172, 165, 279, 540, 527, 530, 526, 530, 225, 173, 188, 537, 1587, 1586, 1559, 506, 221, 181, 204, 606, 1572, 1595, 1602, 1615, 162, 161, 769, 604]
[175, 176, 175, 167, 168, 169, 161, 148, 289, 293, 291, 274, 195, 192, 205, 202, 451, 423, 489, 504, 202, 192, 479, 472, 450, 439, 530, 533, 294, 176, 525, 543, 497, 489, 530, 530, 185, 164, 262, 537, 522, 527, 530, 521, 231, 172, 188, 537, 1568, 1600, 1594, 505, 951, 176, 212, 603, 1547, 1566, 1615, 1651, 160, 158, 750, 608]
[179, 184, 174, 168, 167, 170, 154, 152, 314, 296, 277, 265, 204, 204, 202, 203, 448, 414, 497, 494, 201, 191, 479, 461, 451, 438, 533, 536, 268, 183, 355, 537, 501, 495, 533, 533, 173, 164, 258, 541, 529, 528, 527, 520, 224, 171, 188, 538, 1574, 1625, 1665, 479, 483, 171, 691, 607, 1624, 1627, 1575, 1598, 163, 160, 771, 599]
[169, 176, 173, 169, 175, 171, 160, 150, 309, 310, 276, 265, 189, 189, 209, 202, 452, 424, 506, 490, 208, 188, 467, 524, 451, 433, 533, 533, 306, 181, 467, 534, 506, 489, 533, 533, 188, 165, 269, 541, 521, 531, 532, 525, 206, 172, 185, 543, 1605, 1613, 1641, 503, 478, 184, 680, 587, 1567, 1568, 1621, 1616, 162, 158, 759, 611]
[184, 185, 177, 166, 174, 171, 161, 143, 319, 291, 300, 276, 207, 189, 205, 202, 432, 408, 503, 481, 205, 191, 485, 485, 456, 439, 532, 534, 265, 179, 356, 533, 499, 488, 533, 538, 188, 164, 280, 541, 529, 532, 531, 527, 223, 170, 185, 545, 1591, 1598, 1599, 480, 1020, 173, 208, 599, 1593, 1575, 1596, 1611, 161, 159, 769, 605]
[178, 181, 171, 163, 174, 170, 159, 146, 290, 307, 298, 258, 194, 191, 203, 210, 450, 419, 509, 487, 205, 193, 508, 470, 454, 439, 534, 531, 314, 179, 364, 537, 503, 495, 531, 535, 186, 167, 271, 539, 519, 532, 532, 521, 209, 171, 188, 546, 1587, 1600, 1624, 442, 976, 173, 712, 601, 1593, 1602, 1603, 1605, 162, 159, 774, 603]
[184, 176, 168, 165, 176, 173, 157, 148, 292, 309, 298, 256, 195, 201, 210, 205, 443, 418, 519, 499, 214, 193, 536, 528, 451, 439, 528, 534, 295, 178, 364, 542, 500, 488, 538, 532, 175, 163, 273, 538, 525, 529, 531, 532, 232, 170, 188, 542, 1589, 1606, 1627, 479, 227, 183, 201, 602, 1590, 1584, 1609, 1594, 161, 158, 783, 597]
[179, 183, 170, 177, 168, 170, 162, 146, 293, 301, 299, 271, 196, 191, 205, 205, 444, 422, 499, 484, 201, 194, 507, 468, 449, 441, 532, 536, 269, 178, 368, 537, 496, 489, 537, 534, 186, 165, 281, 536, 528, 525, 532, 533, 229, 172, 187, 541, 1562, 1607, 1605, 477, 516, 171, 672, 597, 1579, 1623, 1622, 1610, 158, 157, 767, 592]
[167, 173, 177, 173, 169, 171, 155, 150, 295, 296, 299, 266, 197, 189, 206, 201, 442, 422, 489, 484, 208, 187, 471, 456, 455, 440, 534, 527, 329, 180, 376, 539, 508, 486, 533, 538, 183, 163, 284, 542, 529, 532, 533, 535, 229, 172, 187, 542, 1575, 1592, 1596, 475, 479, 172, 212, 591, 1630, 1544, 1575, 1600, 166, 162, 773, 604]
[174, 176, 176, 164, 171, 171, 160, 152, 293, 318, 262, 251, 205, 195, 204, 200, 439, 424, 486, 497, 208, 188, 506, 465, 456, 434, 536, 527, 270, 187, 368, 536, 502, 493, 537, 535, 181, 162, 279, 542, 531, 526, 536, 533, 223, 169, 186, 543, 1562, 1596, 1621, 457, 394, 181, 725, 594, 1609, 1596, 1629, 1601, 161, 158, 747, 594]
[175, 177, 171, 172, 169, 166, 161, 147, 302, 301, 307, 272, 199, 193, 207, 196, 447, 413, 511, 490, 233, 200, 499, 477, 458, 440, 532, 530, 290, 183, 527, 542, 500, 490, 535, 533, 189, 164, 267, 539, 532, 529, 532, 531, 201, 175, 185, 542, 500, 1555, 505, 481, 230, 173, 690, 581, 1609, 1600, 1596, 1632, 163, 161, 775, 600]
[176, 182, 177, 171, 175, 169, 160, 149, 294, 297, 291, 276, 201, 191, 208, 201, 447, 412, 501, 491, 209, 190, 521, 475, 457, 441, 535, 530, 267, 178, 367, 539, 503, 491, 536, 532, 186, 162, 510, 538, 524, 526, 532, 531, 231, 170, 186, 544, 1592, 1574, 1610, 495, 459, 173, 724, 587, 1609, 1589, 1580, 1596, 160, 160, 776, 604]
[173, 179, 172, 168, 171, 170, 158, 147, 320, 299, 293, 260, 196, 189, 206, 209, 429, 417, 501, 482, 201, 192, 509, 483, 453, 440, 533, 532, 286, 177, 359, 536, 497, 492, 536, 531, 190, 165, 276, 538, 529, 526, 527, 533, 224, 171, 188, 547, 1595, 1626, 1616, 459, 905, 179, 721, 600, 1580, 1607, 1602, 1613, 165, 159, 785, 606]
[185, 182, 177, 170, 174, 168, 156, 147, 315, 297, 297, 258, 192, 188, 220, 202, 446, 410, 516, 494, 205, 190, 506, 462, 452, 440, 529, 528, 294, 177, 379, 536, 502, 486, 533, 531, 181, 162, 269, 534, 523, 534, 532, 529, 224, 174, 187, 543, 1611, 1629, 1617, 476, 399, 184, 208, 601, 1624, 1576, 1599, 1612, 160, 158, 781, 593]
[188, 184, 167, 167, 171, 177, 160, 152, 302, 286, 294, 264, 194, 190, 206, 202, 447, 408, 492, 513, 196, 189, 530, 482, 451, 440, 532, 531, 330, 177, 518, 536, 494, 500, 533, 533, 191, 162, 269, 543, 525, 528, 525, 526, 213, 173, 182, 539, 1574, 1579, 1598, 1636, 227, 182, 208, 607, 1585, 1604, 1595, 1638, 166, 157, 774, 599]
[170, 177, 172, 170, 169, 174, 155, 148, 292, 295, 260, 253, 196, 190, 211, 205, 450, 414, 487, 489, 208, 193, 504, 445, 451, 436, 530, 533, 304, 179, 366, 536, 499, 486, 533, 536, 185, 166, 291, 540, 524, 529, 532, 533, 226, 170, 185, 543, 1597, 1616, 1593, 504, 228, 176, 214, 591, 1577, 1592, 1624, 1622, 160, 160, 776, 599]
[181, 171, 172, 168, 171, 169, 160, 148, 294, 285, 292, 266, 194, 190, 204, 200, 450, 417, 508, 493, 200, 192, 477, 469, 461, 440, 537, 536, 302, 176, 522, 542, 503, 490, 528, 532, 186, 163, 250, 540, 528, 524, 531, 519, 224, 171, 184, 539, 522, 1607, 1629, 486, 225, 177, 611, 597, 1595, 1616, 1599, 1624, 163, 158, 745, 595]
[177, 178, 172, 170, 171, 170, 157, 147, 299, 300, 268, 266, 197, 190, 200, 200, 451, 416, 483, 489, 204, 192, 515, 483, 455, 440, 529, 534, 303, 177, 371, 542, 495, 490, 535, 534, 190, 164, 277, 537, 524, 529, 535, 525, 227, 172, 182, 541, 1592, 1586, 1605, 492, 394, 174, 210, 604, 1595, 1600, 1615, 1639, 161, 160, 756, 596]
[181, 181, 178, 164, 170, 172, 157, 149, 286, 308, 264, 291, 199, 193, 205, 203, 431, 425, 507, 489, 202, 193, 508, 477, 451, 438, 532, 532, 261, 179, 362, 537, 494, 494, 536, 530, 193, 165, 270, 539, 528, 528, 527, 530, 226, 170, 191, 542, 1572, 1589, 1629, 464, 335, 174, 220, 596, 1535, 1582, 1577, 1605, 161, 158, 762, 592]
[180, 177, 171, 174, 170, 173, 156, 147, 293, 286, 277, 287, 205, 190, 207, 202, 444, 423, 495, 491, 205, 190, 472, 475, 450, 436, 527, 532, 266, 179, 336, 534, 501, 486, 529, 538, 180, 165, 270, 536, 528, 527, 539, 526, 227, 173, 182, 543, 1605, 1604, 1588, 485, 391, 172, 685, 611, 1582, 1622, 1604, 1611, 162, 156, 772, 588]
[182, 186, 170, 168, 170, 169, 158, 146, 304, 294, 269, 263, 192, 196, 213, 209, 448, 420, 496, 483, 203, 191, 467, 451, 453, 435, 534, 531, 283, 185, 361, 539, 501, 490, 538, 541, 185, 165, 275, 538, 522, 526, 524, 529, 225, 171, 191, 542, 1554, 1594, 1614, 471, 399, 176, 737, 585, 1582, 1592, 1608, 1602, 166, 162, 779, 593]
[184, 177, 178, 174, 171, 173, 157, 150, 292, 298, 289, 285, 193, 190, 206, 211, 446, 415, 501, 488, 205, 192, 513, 470, 442, 442, 534, 528, 285, 179, 527, 533, 504, 489, 535, 538, 186, 163, 270, 534, 528, 528, 530, 528, 218, 170, 187, 537, 1565, 1621, 501, 470, 399, 175, 639, 602, 1592, 1607, 1632, 326, 162, 157, 758, 597]
[183, 177, 176, 165, 176, 174, 158, 149, 291, 294, 290, 275, 202, 187, 202, 204, 455, 417, 492, 490, 203, 193, 532, 473, 453, 436, 540, 531, 295, 181, 529, 542, 504, 490, 531, 536, 186, 165, 287, 544, 523, 532, 530, 529, 224, 170, 185, 544, 1561, 1605, 1617, 506, 230, 176, 214, 593, 1584, 1600, 1601, 1621, 160, 161, 758, 589]
[181, 173, 177, 166, 168, 172, 160, 150, 297, 311, 302, 259, 193, 190, 206, 205, 438, 419, 498, 492, 206, 198, 473, 438, 452, 436, 533, 531, 288, 177, 524, 540, 501, 496, 530, 531, 179, 164, 249, 538, 522, 527, 531, 528, 225, 171, 187, 538, 1600, 1613, 1622, 492, 399, 175, 213, 604, 1584, 1605, 1621, 1595, 161, 160, 757, 591]
[171, 174, 178, 167, 178, 169, 157, 147, 296, 292, 267, 252, 195, 190, 211, 206, 447, 422, 494, 483, 197, 192, 515, 469, 455, 438, 536, 529, 267, 176, 372, 538, 499, 487, 526, 535, 190, 164, 276, 536, 524, 532, 530, 533, 227, 167, 191, 546, 1598, 1589, 1591, 488, 324, 180, 210, 595, 1592, 1617, 1618, 1619, 157, 158, 750, 600]
[173, 173, 171, 168, 172, 171, 156, 149, 316, 296, 289, 257, 195, 189, 207, 206, 449, 413, 499, 500, 206, 193, 514, 472, 449, 444, 526, 524, 283, 180, 361, 538, 498, 492, 532, 530, 188, 166, 278, 535, 524, 528, 533, 531, 213, 175, 185, 542, 1597, 1620, 1631, 464, 399, 180, 666, 606, 1605, 1604, 1596, 1613, 159, 162, 777, 589]
[180, 182, 171, 172, 166, 173, 160, 152, 300, 294, 255, 278, 194, 192, 207, 202, 447, 413, 507, 489, 205, 195, 474, 484, 456, 437, 530, 536, 289, 176, 527, 535, 496, 487, 535, 533, 173, 164, 248, 539, 525, 531, 531, 528, 224, 171, 185, 540, 1588, 1603, 1584, 456, 210, 173, 210, 594, 1560, 1584, 1592, 1635, 157, 158, 728, 588]
[177, 173, 170, 169, 169, 170, 161, 156, 301, 295, 285, 252, 195, 190, 207, 199, 441, 419, 504, 484, 206, 194, 510, 473, 454, 440, 532, 531, 285, 181, 522, 542, 501, 486, 538, 535, 187, 165, 249, 539, 525, 536, 526, 525, 229, 170, 193, 540, 1562, 1573, 1628, 476, 943, 176, 213, 607, 1626, 1600, 1607, 1607, 165, 156, 757, 589]
[171, 175, 169, 176, 178, 174, 161, 149, 294, 302, 291, 270, 197, 192, 203, 202, 447, 419, 500, 490, 206, 194, 510, 471, 455, 435, 535, 530, 301, 175, 508, 539, 499, 494, 535, 536, 182, 164, 285, 543, 527, 527, 527, 533, 227, 170, 193, 545, 1582, 1615, 1604, 457, 889, 172, 208, 595, 1597, 1598, 1589, 1629, 163, 161, 749, 596]
[182, 177, 170, 165, 175, 171, 156, 145, 290, 319, 295, 278, 201, 190, 207, 199, 447, 420, 495, 491, 201, 193, 510, 467, 459, 439, 532, 536, 283, 182, 361, 537, 504, 488, 535, 533, 191, 166, 266, 536, 524, 524, 529, 528, 229, 171, 188, 539, 1603, 1570, 1571, 482, 355, 173, 211, 612, 1592, 1604, 1603, 1604, 159, 161, 747, 599]
[173, 182, 166, 174, 175, 166, 160, 148, 288, 288, 299, 290, 202, 191, 211, 202, 457, 423, 507, 494, 205, 193, 487, 473, 449, 439, 532, 522, 306, 179, 358, 539, 499, 490, 533, 533, 194, 163, 278, 539, 527, 520, 529, 535, 223, 170, 187, 542, 1587, 1572, 481, 469, 232, 184, 744, 602, 1592, 1614, 1607, 1616, 163, 160, 754, 589]
[181, 180, 171, 175, 169, 169, 155, 149, 292, 308, 293, 293, 198, 190, 203, 204, 445, 419, 496, 492, 203, 197, 513, 450, 456, 446, 532, 538, 308, 178, 370, 541, 499, 490, 530, 535, 185, 162, 281, 540, 529, 528, 531, 521, 227, 168, 187, 537, 1602, 1618, 1615, 488, 476, 175, 607, 602, 1619, 1598, 1597, 1638, 160, 159, 756, 597]
[174, 184, 172, 177, 172, 170, 162, 149, 312, 284, 290, 268, 193, 196, 213, 202, 444, 413, 513, 481, 217, 193, 501, 477, 454, 441, 536, 525, 291, 178, 529, 536, 499, 486, 536, 530, 185, 165, 539, 540, 534, 527, 528, 528, 214, 168, 185, 539, 1596, 1610, 1622, 475, 397, 179, 212, 601, 1603, 1582, 1620, 1628, 163, 157, 783, 591]
[175, 180, 168, 169, 169, 168, 160, 148, 292, 314, 292, 262, 198, 189, 209, 204, 447, 419, 511, 492, 205, 188, 466, 461, 455, 436, 536, 530, 268, 180, 373, 536, 501, 488, 538, 533, 187, 164, 274, 542, 525, 530, 530, 530, 224, 171, 191, 541, 1593, 1597, 1603, 473, 224, 175, 704, 598, 1606, 1595, 1624, 346, 163, 161, 767, 596]
[180, 181, 171, 170, 169, 175, 155, 149, 285, 309, 265, 287, 195, 188, 207, 203, 450, 418, 498, 492, 215, 188, 469, 458, 456, 441, 532, 535, 258, 182, 360, 535, 502, 488, 530, 533, 190, 167, 275, 541, 522, 530, 527, 512, 234, 171, 186, 540, 1590, 1585, 1597, 462, 472, 182, 723, 589, 1603, 1589, 1621, 1626, 162, 160, 788, 592]
[185, 175, 172, 174, 172, 175, 157, 146, 301, 294, 280, 256, 197, 192, 206, 200, 451, 425, 496, 490, 205, 189, 480, 460, 451, 434, 530, 536, 283, 177, 361, 533, 509, 485, 536, 530, 194, 165, 521, 534, 530, 530, 522, 521, 225, 171, 186, 541, 1606, 1591, 1620, 509, 216, 177, 722, 599, 1603, 1633, 1607, 1613, 159, 155, 779, 597]
[175, 182, 179, 171, 167, 172, 156, 149, 288, 309, 274, 272, 196, 196, 207, 204, 443, 424, 495, 479, 217, 188, 478, 482, 448, 439, 533, 528, 309, 178, 518, 540, 502, 490, 533, 529, 194, 163, 279, 540, 525, 522, 525, 530, 225, 169, 185, 542, 1573, 1629, 1582, 500, 382, 171, 648, 588, 1569, 1595, 1639, 1637, 164, 159, 768, 608]
[184, 172, 169, 167, 173, 169, 161, 145, 300, 290, 307, 266, 199, 188, 204, 208, 445, 418, 492, 491, 207, 195, 513, 456, 454, 436, 539, 538, 304, 177, 391, 538, 506, 491, 536, 526, 187, 162, 269, 539, 532, 531, 526, 521, 226, 170, 186, 536, 1591, 1611, 1619, 496, 879, 169, 697, 604, 1624, 1597, 1590, 1581, 162, 158, 760, 592]
[173, 179, 170, 171, 167, 167, 158, 152, 285, 293, 267, 250, 191, 190, 203, 200, 439, 418, 518, 489, 210, 193, 475, 465, 451, 436, 534, 537, 290, 173, 519, 540, 497, 487, 538, 536, 182, 164, 256, 540, 527, 527, 529, 532, 224, 171, 187, 538, 1613, 1584, 1595, 470, 228, 187, 212, 595, 1573, 1617, 1618, 1590, 160, 158, 761, 597]
[179, 185, 171, 171, 173, 172, 161, 147, 309, 312, 269, 283, 196, 193, 207, 203, 441, 418, 496, 483, 204, 186, 503, 453, 459, 438, 534, 536, 267, 176, 366, 537, 499, 488, 533, 520, 195, 167, 276, 539, 526, 523, 529, 525, 223, 170, 187, 536, 1578, 1602, 1629, 463, 394, 175, 669, 602, 1580, 1621, 1618, 1620, 162, 165, 761, 591]
[181, 177, 175, 175, 171, 167, 156, 150, 301, 297, 297, 258, 196, 192, 208, 208, 445, 423, 508, 491, 220, 197, 505, 514, 450, 438, 531, 521, 289, 177, 368, 544, 503, 493, 530, 542, 184, 163, 286, 535, 523, 533, 531, 536, 224, 170, 191, 540, 1587, 1590, 1588, 502, 380, 172, 639, 604, 1580, 1623, 1625, 1608, 160, 160, 764, 595]
[180, 174, 169, 167, 177, 165, 159, 150, 282, 296, 263, 277, 195, 192, 214, 204, 452, 420, 505, 490, 207, 188, 471, 474, 455, 440, 535, 525, 263, 176, 370, 533, 502, 490, 538, 532, 185, 164, 256, 539, 528, 531, 528, 531, 217, 169, 187, 539, 1590, 1596, 1581, 474, 395, 178, 708, 595, 1591, 1580, 1612, 1602, 163, 158, 773, 595]
[172, 184, 174, 174, 171, 169, 163, 149, 293, 308, 268, 286, 195, 196, 214, 208, 444, 414, 507, 492, 208, 193, 482, 486, 452, 440, 528, 532, 309, 182, 344, 532, 495, 487, 536, 533, 181, 169, 272, 532, 529, 532, 531, 533, 224, 170, 186, 536, 1594, 1630, 1598, 459, 330, 173, 700, 593, 1593, 1597, 1578, 1588, 156, 161, 773, 600]
[179, 180, 174, 175, 171, 173, 160, 146, 310, 309, 258, 250, 205, 190, 206, 206, 442, 417, 486, 490, 205, 188, 475, 525, 456, 441, 534, 532, 284, 182, 519, 541, 503, 487, 530, 534, 190, 164, 275, 535, 528, 529, 524, 533, 225, 169, 184, 544, 1565, 1589, 1616, 487, 392, 172, 704, 600, 1562, 1593, 1616, 1606, 164, 157, 764, 604]
[183, 170, 172, 173, 169, 170, 157, 148, 296, 300, 292, 273, 197, 190, 214, 206, 445, 420, 508, 487, 207, 193, 513, 419, 452, 441, 530, 531, 290, 180, 381, 543, 503, 490, 533, 533, 185, 165, 279, 537, 533, 530, 528, 533, 206, 170, 187, 542, 1580, 1606, 1583, 510, 397, 178, 699, 602, 1562, 1595, 1587, 1614, 164, 158, 734, 582]
[182, 178, 172, 168, 177, 174, 160, 146, 301, 290, 285, 274, 196, 192, 214, 205, 443, 423, 505, 489, 206, 195, 512, 456, 452, 437, 537, 534, 286, 178, 370, 540, 502, 494, 532, 524, 188, 162, 279, 536, 519, 521, 523, 533, 205, 167, 190, 544, 1579, 1609, 1601, 475, 220, 172, 726, 601, 1591, 1592, 1617, 1626, 161, 157, 751, 597]
[180, 178, 171, 170, 173, 176, 158, 148, 299, 278, 268, 269, 196, 202, 202, 203, 444, 420, 489, 495, 206, 194, 479, 463, 451, 436, 539, 531, 267, 179, 362, 536, 497, 487, 519, 528, 190, 163, 278, 540, 522, 530, 529, 533, 223, 172, 187, 534, 1618, 1609, 1590, 493, 475, 171, 697, 600, 1608, 1620, 1621, 1597, 162, 158, 751, 589]
[177, 177, 178, 166, 178, 171, 156, 149, 310, 292, 296, 257, 195, 192, 208, 202, 434, 414, 501, 481, 194, 197, 491, 454, 454, 439, 533, 537, 269, 175, 544, 540, 507, 485, 530, 533, 186, 162, 268, 536, 524, 537, 530, 536, 228, 171, 181, 536, 1594, 1625, 1604, 502, 225, 185, 666, 595, 1600, 1550, 1596, 1606, 159, 155, 755, 585]
[173, 179, 181, 162, 171, 173, 160, 145, 291, 310, 275, 269, 200, 191, 203, 205, 441, 412, 507, 487, 209, 194, 478, 465, 450, 440, 537, 533, 271, 177, 374, 536, 505, 484, 527, 534, 195, 167, 526, 539, 524, 528, 531, 520, 227, 174, 181, 547, 1576, 1603, 1596, 495, 229, 183, 211, 603, 1626, 1590, 1604, 1605, 166, 157, 742, 593]
[171, 174, 165, 174, 170, 176, 160, 155, 313, 297, 272, 257, 195, 194, 207, 206, 450, 421, 510, 488, 218, 194, 517, 473, 451, 436, 533, 533, 287, 178, 365, 532, 501, 492, 531, 531, 190, 164, 245, 539, 524, 528, 527, 528, 218, 171, 185, 541, 1589, 1589, 1588, 480, 226, 174, 707, 599, 1571, 1603, 1612, 1596, 160, 158, 762, 586]
[169, 176, 170, 166, 173, 172, 160, 148, 299, 305, 269, 274, 196, 193, 205, 205, 440, 410, 505, 485, 207, 196, 482, 474, 455, 440, 534, 528, 270, 175, 345, 539, 500, 480, 535, 537, 187, 162, 282, 537, 527, 533, 532, 529, 226, 173, 189, 542, 1629, 1586, 1581, 501, 228, 176, 680, 592, 1626, 1583, 1612, 1599, 162, 158, 764, 588]
[187, 173, 167, 175, 166, 175, 165, 150, 293, 300, 295, 277, 195, 193, 215, 203, 447, 417, 520, 482, 206, 190, 505, 457, 455, 434, 532, 524, 290, 174, 367, 539, 503, 485, 531, 530, 184, 164, 276, 538, 524, 531, 533, 523, 224, 171, 188, 543, 1590, 1597, 1584, 494, 455, 173, 716, 605, 1612, 1577, 1606, 1618, 161, 160, 781, 596]
[183, 182, 182, 170, 173, 175, 159, 148, 304, 294, 291, 272, 205, 203, 202, 210, 442, 422, 481, 486, 219, 193, 482, 464, 451, 441, 532, 529, 271, 182, 441, 538, 501, 498, 530, 530, 192, 165, 248, 539, 530, 532, 531, 536, 206, 168, 182, 540, 1597, 1601, 1633, 476, 335, 180, 196, 592, 1597, 1612, 1626, 1610, 159, 160, 773, 608]
[178, 180, 178, 166, 171, 172, 156, 153, 290, 294, 295, 286, 193, 195, 216, 206, 441, 419, 492, 491, 203, 197, 513, 520, 449, 443, 531, 530, 286, 179, 378, 542, 505, 484, 531, 528, 182, 164, 537, 544, 528, 530, 526, 527, 207, 170, 190, 545, 1580, 1613, 1595, 485, 206, 174, 692, 597, 1583, 1615, 1633, 1634, 159, 162, 793, 597]
[184, 181, 167, 176, 163, 170, 158, 150, 302, 293, 267, 250, 194, 191, 213, 204, 442, 420, 507, 485, 205, 196, 517, 466, 450, 433, 534, 531, 294, 180, 372, 538, 499, 491, 532, 535, 188, 162, 271, 537, 530, 526, 538, 532, 226, 172, 183, 542, 1593, 1601, 1582, 487, 403, 171, 204, 602, 1601, 1610, 1602, 1609, 161, 162, 741, 594]
[180, 184, 178, 171, 173, 174, 157, 146, 288, 307, 295, 260, 194, 192, 207, 209, 440, 419, 487, 490, 207, 193, 476, 389, 453, 439, 533, 532, 288, 177, 540, 544, 510, 485, 530, 535, 189, 164, 277, 537, 529, 531, 529, 523, 222, 169, 184, 544, 1620, 1600, 1592, 498, 393, 182, 733, 609, 1650, 1625, 1603, 1628, 163, 160, 783, 608]
[174, 182, 169, 173, 175, 174, 160, 149, 294, 295, 267, 274, 201, 193, 211, 203, 435, 427, 499, 491, 207, 193, 513, 472, 455, 434, 531, 535, 284, 179, 370, 540, 500, 486, 536, 537, 191, 164, 275, 539, 538, 527, 533, 527, 223, 171, 183, 545, 1578, 1605, 1611, 473, 197, 179, 212, 601, 1619, 1609, 1607, 1610, 162, 157, 782, 594]
[172, 185, 173, 171, 173, 167, 154, 152, 313, 286, 287, 254, 193, 188, 210, 203, 447, 418, 512, 484, 205, 192, 484, 467, 452, 439, 529, 533, 282, 180, 375, 537, 502, 488, 536, 532, 174, 163, 271, 537, 523, 530, 531, 528, 222, 171, 188, 534, 1581, 1602, 1619, 493, 412, 172, 722, 602, 1596, 1597, 1583, 1622, 163, 161, 751, 598]
[182, 181, 172, 174, 167, 171, 156, 150, 294, 288, 268, 274, 194, 191, 216, 209, 439, 415, 488, 483, 206, 196, 477, 483, 457, 443, 531, 532, 264, 178, 368, 544, 503, 493, 531, 530, 184, 167, 277, 537, 524, 529, 530, 519, 220, 170, 185, 540, 1589, 1582, 1599, 504, 402, 177, 206, 607, 1592, 1576, 1605, 1631, 162, 158, 749, 599]
[181, 181, 170, 173, 172, 171, 154, 147, 307, 303, 261, 261, 200, 193, 206, 202, 438, 422, 503, 485, 207, 191, 520, 455, 457, 440, 531, 537, 267, 178, 363, 537, 501, 487, 538, 539, 188, 165, 275, 540, 527, 536, 530, 532, 224, 168, 192, 543, 1609, 1591, 1601, 477, 392, 177, 674, 600, 1608, 1610, 1585, 1604, 163, 162, 755, 589]
[176, 177, 177, 171, 169, 171, 160, 149, 288, 299, 266, 253, 196, 191, 208, 207, 446, 412, 502, 499, 218, 191, 247, 523, 451, 443, 536, 541, 295, 174, 513, 538, 504, 483, 537, 531, 191, 164, 280, 541, 526, 536, 531, 528, 222, 167, 187, 539, 1591, 1581, 1633, 507, 404, 182, 674, 585, 1587, 1613, 1618, 1627, 160, 156, 794, 601]
[180, 180, 177, 168, 170, 168, 159, 146, 311, 299, 296, 289, 203, 188, 206, 214, 444, 410, 513, 488, 202, 189, 513, 456, 451, 440, 531, 533, 269, 175, 370, 540, 501, 489, 530, 531, 179, 165, 275, 535, 526, 526, 532, 524, 226, 170, 189, 541, 1586, 1582, 1601, 499, 392, 177, 212, 603, 1587, 1582, 1603, 1608, 159, 160, 758, 591]
[185, 179, 178, 170, 174, 173, 157, 143, 290, 295, 278, 270, 198, 189, 202, 205, 445, 422, 510, 489, 209, 190, 469, 469, 456, 438, 538, 527, 283, 183, 365, 537, 504, 485, 535, 537, 187, 163, 273, 540, 526, 531, 529, 529, 211, 170, 187, 540, 1622, 1605, 1623, 497, 197, 175, 217, 603, 1603, 1613, 1595, 1605, 161, 160, 790, 597]
[177, 179, 172, 167, 174, 171, 162, 145, 296, 295, 300, 292, 197, 192, 207, 206, 441, 411, 495, 492, 218, 192, 502, 459, 455, 438, 535, 537, 298, 178, 526, 537, 500, 486, 531, 535, 186, 164, 533, 540, 525, 532, 531, 533, 215, 170, 185, 536, 1599, 1576, 1598, 458, 221, 174, 212, 595, 1579, 1602, 1618, 1636, 164, 160, 769, 591]
[184, 183, 166, 173, 171, 173, 160, 148, 317, 310, 296, 276, 196, 200, 204, 206, 453, 405, 508, 490, 217, 193, 469, 467, 454, 439, 533, 524, 267, 178, 412, 543, 504, 486, 536, 533, 192, 166, 257, 540, 525, 535, 532, 531, 219, 170, 187, 542, 1555, 1604, 1618, 484, 393, 176, 703, 600, 1595, 1603, 1591, 1615, 163, 159, 772, 586]
[181, 177, 166, 172, 170, 172, 160, 148, 297, 297, 257, 253, 197, 193, 204, 203, 437, 413, 482, 494, 205, 190, 275, 464, 451, 441, 537, 532, 308, 180, 525, 541, 501, 486, 526, 532, 188, 164, 287, 538, 523, 530, 526, 533, 225, 170, 184, 548, 1559, 1602, 1592, 498, 221, 175, 214, 599, 1657, 1608, 1594, 1589, 163, 159, 760, 600]
[182, 178, 167, 168, 176, 175, 158, 147, 292, 316, 299, 287, 197, 191, 206, 206, 446, 416, 507, 490, 220, 192, 482, 464, 449, 439, 536, 530, 312, 183, 385, 544, 496, 488, 538, 530, 192, 163, 247, 540, 531, 526, 531, 530, 227, 171, 193, 548, 1581, 1600, 1606, 458, 233, 175, 723, 603, 1657, 1620, 1614, 1616, 162, 157, 751, 595]
[180, 180, 171, 172, 172, 173, 158, 149, 306, 306, 280, 255, 203, 191, 206, 210, 443, 416, 504, 489, 202, 189, 513, 469, 454, 442, 536, 536, 304, 181, 440, 540, 499, 495, 538, 532, 181, 162, 282, 543, 529, 526, 530, 530, 224, 169, 183, 545, 1603, 1600, 1609, 479, 230, 175, 728, 601, 1597, 1619, 1632, 1619, 162, 162, 763, 586]
[172, 182, 169, 165, 170, 172, 158, 150, 306, 297, 296, 261, 212, 188, 202, 205, 444, 427, 504, 502, 219, 187, 518, 460, 458, 441, 538, 532, 269, 179, 515, 535, 506, 502, 529, 537, 181, 164, 245, 540, 530, 528, 532, 527, 230, 168, 182, 537, 1604, 1629, 1631, 1640, 461, 182, 611, 588, 1597, 1608, 1612, 1631, 159, 159, 776, 595]
[171, 172, 175, 173, 170, 169, 160, 145, 287, 295, 262, 279, 197, 192, 204, 205, 444, 415, 495, 485, 203, 197, 465, 471, 462, 440, 528, 536, 264, 186, 523, 542, 499, 490, 528, 535, 187, 162, 242, 543, 526, 528, 526, 532, 208, 169, 185, 543, 1555, 1622, 1626, 480, 397, 182, 685, 608, 1597, 1612, 1606, 1622, 162, 158, 754, 586]
[177, 181, 172, 166, 168, 172, 158, 149, 313, 293, 305, 271, 194, 192, 206, 206, 448, 416, 491, 493, 205, 192, 515, 465, 447, 442, 532, 528, 285, 178, 440, 539, 501, 488, 537, 538, 188, 164, 275, 538, 531, 532, 527, 534, 228, 171, 186, 535, 1604, 1624, 512, 473, 202, 174, 194, 597, 1597, 1605, 1578, 1613, 161, 161, 778, 592]
[170, 180, 169, 167, 174, 170, 156, 146, 286, 296, 293, 257, 204, 190, 207, 206, 434, 413, 515, 486, 203, 189, 475, 471, 453, 440, 530, 538, 264, 176, 533, 535, 501, 491, 532, 537, 187, 164, 275, 541, 530, 535, 526, 533, 228, 171, 189, 543, 1601, 1621, 1590, 500, 231, 181, 691, 608, 1536, 1605, 1596, 1634, 159, 156, 760, 586]
[174, 177, 175, 170, 172, 170, 159, 149, 287, 296, 270, 256, 192, 192, 209, 204, 438, 424, 499, 500, 194, 185, 481, 455, 452, 436, 537, 533, 286, 195, 373, 537, 498, 485, 535, 535, 190, 164, 278, 536, 536, 527, 525, 515, 215, 169, 187, 540, 1570, 1600, 1594, 487, 396, 183, 688, 595, 1536, 1602, 1610, 1611, 161, 160, 778, 594]
[180, 185, 169, 165, 174, 173, 157, 147, 296, 292, 291, 271, 191, 191, 203, 208, 453, 418, 500, 478, 219, 187, 455, 474, 454, 440, 533, 531, 264, 180, 525, 540, 501, 488, 535, 529, 184, 164, 244, 539, 524, 533, 532, 522, 215, 171, 187, 537, 1595, 1605, 1606, 474, 467, 177, 211, 605, 1587, 1630, 1608, 1623, 163, 161, 756, 601]
[175, 183, 176, 165, 175, 174, 161, 149, 306, 284, 290, 270, 211, 195, 205, 202, 447, 415, 506, 480, 219, 188, 510, 472, 455, 441, 531, 525, 303, 179, 361, 541, 502, 486, 534, 532, 187, 167, 270, 540, 530, 526, 533, 525, 223, 171, 186, 542, 1584, 1601, 475, 479, 397, 177, 680, 598, 1552, 1604, 1600, 1585, 161, 159, 783, 595]
[182, 172, 174, 169, 168, 173, 157, 149, 293, 296, 270, 256, 202, 192, 205, 203, 446, 417, 501, 490, 206, 188, 468, 468, 456, 438, 535, 527, 282, 178, 348, 540, 499, 487, 522, 527, 182, 164, 279, 541, 530, 530, 531, 530, 218, 170, 181, 543, 1582, 1602, 1627, 475, 233, 171, 686, 592, 1590, 1569, 1595, 1592, 161, 158, 734, 594]
[179, 174, 166, 174, 168, 171, 159, 151, 298, 292, 272, 286, 193, 194, 204, 194, 442, 418, 494, 490, 204, 186, 472, 469, 455, 442, 535, 537, 286, 180, 458, 541, 498, 486, 532, 533, 185, 165, 273, 537, 528, 533, 526, 533, 220, 167, 189, 543, 1565, 1596, 1619, 476, 221, 173, 723, 601, 1597, 1624, 1577, 1603, 162, 158, 786, 594]
[182, 183, 179, 171, 176, 173, 161, 147, 297, 292, 295, 249, 201, 205, 204, 204, 447, 418, 507, 492, 209, 189, 478, 461, 456, 442, 536, 527, 263, 178, 533, 534, 500, 487, 530, 535, 179, 165, 276, 537, 525, 523, 529, 531, 222, 168, 185, 542, 1600, 1610, 1641, 471, 902, 176, 207, 600, 1613, 1607, 1609, 1615, 161, 158, 787, 595]
[176, 181, 178, 172, 169, 174, 160, 147, 291, 315, 298, 270, 195, 191, 210, 209, 445, 429, 498, 493, 207, 192, 512, 472, 453, 439, 538, 530, 310, 179, 440, 536, 495, 487, 539, 534, 192, 163, 271, 538, 527, 534, 532, 535, 216, 170, 186, 535, 1595, 1610, 1601, 488, 390, 175, 220, 607, 1571, 1605, 1576, 1608, 164, 159, 790, 599]
[179, 172, 168, 172, 175, 169, 161, 149, 289, 293, 291, 255, 211, 192, 206, 203, 443, 425, 509, 494, 205, 186, 508, 404, 452, 440, 542, 533, 293, 173, 530, 541, 502, 491, 536, 537, 181, 163, 281, 537, 527, 530, 528, 525, 228, 170, 189, 539, 1607, 1611, 1608, 494, 477, 174, 207, 577, 1606, 1604, 1607, 1624, 161, 159, 768, 591]
[171, 180, 179, 161, 172, 171, 161, 146, 302, 290, 260, 273, 199, 196, 206, 199, 438, 421, 511, 483, 209, 193, 508, 470, 452, 437, 538, 529, 281, 175, 369, 541, 498, 489, 535, 534, 176, 165, 273, 539, 528, 533, 533, 528, 227, 170, 187, 545, 1585, 1598, 1607, 478, 334, 184, 206, 601, 1621, 1619, 1616, 1596, 161, 159, 764, 607]
[184, 177, 169, 173, 168, 172, 161, 146, 294, 313, 296, 254, 210, 191, 211, 203, 437, 422, 511, 486, 224, 194, 506, 472, 450, 440, 532, 537, 297, 178, 460, 541, 510, 500, 532, 539, 189, 167, 260, 532, 526, 527, 537, 528, 202, 172, 191, 537, 1605, 1588, 1612, 509, 386, 182, 671, 590, 1606, 1594, 1625, 1611, 160, 157, 781, 608]
[184, 175, 178, 164, 169, 168, 158, 149, 292, 288, 305, 276, 195, 198, 206, 204, 441, 416, 514, 487, 218, 200, 509, 483, 452, 438, 530, 534, 266, 180, 363, 533, 503, 488, 534, 531, 184, 165, 263, 535, 524, 532, 532, 535, 217, 171, 187, 542, 1580, 1557, 1619, 467, 399, 178, 208, 603, 1576, 1590, 1614, 1593, 160, 158, 765, 609]
[183, 178, 172, 169, 169, 173, 156, 146, 287, 296, 294, 269, 191, 189, 206, 207, 442, 414, 504, 479, 205, 186, 514, 454, 448, 440, 532, 533, 268, 179, 452, 540, 507, 482, 531, 533, 187, 164, 248, 537, 529, 529, 527, 531, 224, 172, 188, 543, 1585, 1573, 1598, 464, 216, 179, 707, 593, 1576, 1597, 1631, 1596, 158, 162, 775, 598]
[183, 182, 171, 171, 174, 172, 156, 149, 296, 290, 288, 253, 193, 189, 206, 210, 443, 417, 482, 485, 206, 191, 481, 525, 455, 440, 531, 534, 269, 180, 335, 540, 494, 486, 526, 533, 185, 164, 271, 539, 521, 530, 532, 518, 215, 169, 185, 540, 1548, 1575, 1590, 505, 229, 176, 675, 606, 1572, 1605, 1603, 1640, 166, 160, 789, 594]
[184, 183, 175, 175, 176, 174, 159, 148, 301, 299, 297, 255, 208, 190, 205, 199, 447, 420, 502, 495, 218, 192, 467, 438, 455, 441, 536, 530, 269, 181, 363, 539, 508, 486, 536, 524, 176, 165, 523, 540, 526, 525, 530, 523, 222, 169, 185, 541, 1604, 1599, 1615, 474, 405, 183, 207, 602, 1610, 1624, 1595, 1588, 161, 159, 767, 598]
[184, 179, 178, 174, 167, 173, 157, 151, 313, 290, 266, 258, 192, 194, 205, 203, 449, 427, 485, 496, 192, 188, 476, 454, 454, 443, 534, 529, 267, 183, 519, 542, 498, 492, 534, 535, 182, 165, 270, 536, 525, 532, 533, 533, 228, 170, 187, 542, 1601, 1602, 1613, 500, 336, 183, 214, 604, 1552, 1601, 1580, 1620, 159, 157, 767, 595]
[181, 173, 172, 172, 175, 167, 156, 143, 296, 298, 264, 252, 198, 189, 209, 205, 441, 424, 513, 496, 205, 192, 531, 471, 452, 439, 532, 526, 267, 180, 363, 538, 501, 489, 532, 537, 186, 164, 274, 541, 526, 530, 529, 526, 214, 169, 187, 538, 1597, 1610, 1610, 450, 215, 177, 713, 592, 1568, 1597, 1610, 1603, 164, 157, 763, 603]
[181, 177, 177, 173, 171, 170, 159, 147, 300, 308, 295, 287, 190, 187, 207, 205, 448, 421, 511, 494, 202, 194, 522, 470, 455, 443, 529, 532, 303, 181, 522, 541, 498, 488, 530, 526, 186, 162, 242, 539, 526, 526, 528, 533, 215, 170, 183, 542, 1596, 1594, 1600, 510, 330, 177, 669, 593, 1625, 1585, 1614, 1596, 161, 157, 777, 599]
[177, 175, 168, 172, 169, 176, 157, 147, 285, 309, 298, 272, 210, 190, 202, 203, 445, 418, 507, 493, 203, 193, 477, 474, 454, 439, 529, 533, 284, 179, 380, 541, 498, 483, 533, 536, 189, 164, 513, 536, 523, 529, 538, 526, 223, 171, 189, 539, 1580, 1599, 1587, 458, 404, 175, 684, 609, 1612, 1625, 1597, 1627, 162, 159, 732, 595]
[176, 176, 176, 171, 171, 169, 155, 146, 298, 288, 294, 260, 196, 192, 201, 202, 442, 417, 490, 489, 207, 193, 479, 460, 453, 439, 532, 530, 264, 177, 374, 544, 497, 499, 533, 535, 182, 164, 284, 542, 532, 525, 534, 521, 220, 171, 181, 544, 1586, 1579, 1588, 469, 204, 171, 681, 587, 1611, 1611, 1603, 1600, 166, 161, 769, 588]
[179, 179, 169, 173, 169, 167, 154, 151, 291, 309, 257, 269, 201, 197, 206, 202, 444, 426, 494, 487, 208, 187, 516, 411, 451, 434, 533, 536, 489, 180, 361, 541, 500, 498, 528, 534, 173, 164, 250, 538, 522, 534, 529, 537, 216, 169, 187, 544, 1566, 1585, 1607, 467, 469, 179, 210, 597, 1598, 1602, 1599, 1624, 164, 161, 757, 596]
[177, 174, 169, 174, 170, 172, 162, 147, 309, 287, 296, 276, 196, 191, 203, 201, 437, 417, 505, 490, 207, 193, 504, 469, 448, 438, 533, 532, 286, 179, 337, 538, 504, 498, 531, 525, 191, 164, 247, 539, 533, 531, 533, 521, 225, 170, 177, 543, 1598, 1617, 494, 498, 395, 181, 211, 600, 1615, 1556, 1607, 272, 158, 157, 773, 606]
[183, 174, 178, 170, 169, 173, 161, 145, 293, 308, 299, 255, 194, 195, 208, 205, 441, 419, 513, 489, 202, 193, 477, 486, 451, 444, 535, 534, 287, 179, 371, 538, 501, 490, 532, 536, 186, 164, 281, 539, 531, 534, 539, 535, 217, 172, 188, 542, 1583, 1591, 1597, 482, 395, 176, 206, 590, 1615, 1603, 1623, 1604, 161, 159, 741, 593]
[181, 182, 171, 171, 177, 167, 152, 145, 295, 290, 265, 257, 203, 189, 200, 205, 440, 415, 497, 479, 206, 190, 511, 454, 452, 436, 537, 531, 303, 181, 357, 540, 502, 489, 537, 537, 186, 162, 247, 538, 526, 532, 527, 530, 223, 170, 183, 542, 1592, 1596, 1601, 491, 225, 183, 697, 591, 1596, 1609, 1589, 1638, 163, 159, 768, 595]
[182, 170, 172, 165, 171, 170, 158, 143, 292, 313, 273, 260, 189, 188, 205, 205, 453, 416, 503, 490, 196, 194, 512, 477, 454, 438, 536, 531, 269, 180, 364, 534, 503, 487, 534, 528, 186, 163, 280, 537, 527, 529, 533, 531, 223, 172, 184, 535, 1598, 1579, 1616, 477, 395, 176, 713, 602, 1613, 1600, 1603, 1635, 162, 158, 771, 595]
[182, 178, 169, 166, 169, 175, 159, 151, 292, 292, 275, 290, 202, 190, 206, 204, 446, 418, 524, 487, 201, 193, 472, 475, 453, 444, 532, 525, 280, 181, 364, 543, 506, 491, 528, 534, 195, 170, 274, 533, 531, 524, 537, 530, 223, 169, 183, 542, 1585, 1559, 1583, 474, 397, 175, 703, 596, 1607, 1618, 1597, 1609, 164, 156, 760, 610]
[181, 176, 179, 165, 174, 170, 154, 152, 295, 310, 285, 257, 198, 190, 203, 202, 449, 416, 517, 499, 206, 192, 513, 514, 453, 439, 535, 530, 290, 178, 523, 537, 505, 487, 539, 532, 188, 162, 247, 539, 527, 536, 531, 528, 222, 169, 184, 537, 1586, 1600, 1632, 1635, 333, 172, 671, 589, 1609, 1614, 1609, 1632, 161, 158, 757, 599]
[173, 178, 167, 166, 172, 173, 156, 149, 288, 290, 275, 270, 212, 190, 201, 202, 439, 420, 490, 493, 203, 195, 504, 474, 458, 440, 536, 525, 290, 177, 339, 539, 503, 485, 542, 534, 184, 164, 275, 541, 530, 531, 535, 531, 211, 170, 184, 539, 1573, 1630, 1621, 483, 229, 174, 613, 588, 1596, 1570, 1615, 1615, 164, 158, 753, 605]
[182, 179, 178, 167, 175, 169, 156, 151, 301, 310, 267, 275, 204, 192, 200, 204, 444, 420, 509, 491, 202, 191, 510, 471, 453, 439, 530, 530, 306, 180, 363, 539, 499, 494, 533, 530, 189, 163, 270, 539, 526, 533, 530, 528, 223, 171, 183, 541, 1595, 1594, 1611, 495, 389, 180, 211, 592, 1596, 1633, 1617, 1644, 159, 158, 761, 600]
[171, 174, 172, 176, 175, 173, 155, 147, 323, 299, 274, 255, 195, 190, 201, 206, 447, 419, 511, 494, 206, 193, 511, 470, 450, 438, 526, 537, 262, 177, 358, 543, 503, 495, 535, 527, 185, 163, 246, 538, 527, 530, 529, 521, 219, 175, 193, 532, 1579, 1606, 1622, 462, 479, 180, 206, 588, 1608, 1579, 1600, 1609, 160, 159, 766, 591]
[177, 178, 172, 164, 171, 172, 157, 148, 299, 294, 265, 271, 197, 192, 207, 207, 440, 417, 495, 500, 211, 197, 496, 473, 453, 446, 534, 529, 258, 182, 530, 539, 501, 486, 533, 536, 192, 164, 273, 536, 525, 529, 533, 524, 222, 173, 186, 542, 1599, 1588, 1592, 478, 471, 183, 222, 592, 1563, 1617, 1602, 280, 161, 157, 735, 605]
[172, 176, 172, 171, 173, 170, 156, 150, 315, 294, 289, 259, 211, 188, 206, 204, 445, 426, 513, 493, 207, 195, 505, 466, 450, 444, 532, 538, 286, 183, 370, 539, 506, 488, 530, 537, 186, 164, 246, 539, 526, 527, 532, 527, 224, 170, 184, 540, 1593, 1589, 1617, 444, 201, 183, 706, 587, 1616, 1589, 1613, 1631, 161, 155, 739, 594]
[187, 175, 170, 171, 170, 169, 153, 151, 292, 299, 300, 266, 190, 189, 206, 207, 443, 420, 498, 487, 218, 193, 505, 470, 450, 439, 537, 537, 302, 180, 468, 535, 499, 487, 534, 532, 193, 165, 247, 538, 527, 527, 536, 536, 223, 171, 191, 539, 1588, 1627, 512, 464, 234, 174, 210, 604, 1610, 1556, 1592, 1606, 159, 159, 780, 600]
[181, 178, 168, 172, 169, 172, 159, 149, 305, 297, 262, 276, 202, 193, 211, 199, 448, 416, 506, 487, 220, 192, 493, 460, 449, 439, 533, 538, 291, 183, 355, 542, 501, 491, 533, 536, 191, 165, 279, 537, 530, 528, 530, 528, 212, 169, 191, 534, 1612, 1606, 1590, 481, 216, 175, 671, 597, 1610, 1560, 1594, 1610, 159, 159, 724, 615]
[180, 183, 170, 167, 177, 169, 157, 149, 290, 310, 270, 276, 189, 190, 201, 207, 441, 414, 516, 490, 219, 187, 509, 459, 453, 435, 530, 531, 306, 181, 358, 539, 504, 480, 531, 536, 188, 167, 280, 539, 527, 523, 531, 522, 217, 171, 186, 542, 1596, 1612, 1589, 463, 396, 185, 683, 592, 1604, 1580, 1588, 1610, 164, 156, 779, 592]
[187, 177, 171, 172, 171, 169, 160, 147, 291, 295, 266, 269, 193, 198, 204, 209, 446, 413, 515, 490, 206, 193, 468, 385, 455, 441, 531, 532, 264, 178, 359, 543, 504, 499, 533, 534, 193, 165, 265, 539, 531, 525, 532, 527, 222, 169, 188, 542, 1584, 1607, 1608, 481, 417, 175, 212, 599, 1605, 1572, 1604, 1620, 164, 158, 761, 608]
[176, 172, 170, 174, 169, 170, 152, 148, 298, 296, 288, 255, 195, 189, 207, 201, 442, 421, 508, 491, 211, 192, 504, 472, 455, 439, 529, 534, 284, 180, 378, 536, 499, 490, 534, 535, 196, 161, 284, 539, 523, 527, 531, 534, 226, 172, 187, 541, 1632, 523, 1608, 472, 465, 176, 696, 599, 1622, 1573, 1598, 1627, 161, 158, 773, 604]
[179, 177, 172, 171, 169, 169, 155, 147, 284, 292, 271, 249, 206, 191, 203, 201, 444, 424, 514, 482, 217, 189, 470, 444, 451, 441, 527, 531, 264, 181, 527, 540, 504, 483, 538, 538, 196, 166, 285, 534, 532, 528, 528, 528, 226, 172, 185, 538, 1627, 1572, 1599, 478, 225, 173, 212, 604, 1605, 1608, 1606, 1608, 161, 163, 791, 580]
[186, 177, 168, 161, 171, 176, 155, 151, 292, 292, 264, 255, 197, 191, 204, 205, 440, 420, 500, 489, 210, 195, 517, 413, 452, 435, 533, 526, 291, 180, 364, 536, 502, 487, 535, 531, 195, 165, 273, 538, 531, 533, 531, 530, 216, 169, 186, 544, 1559, 511, 513, 490, 405, 185, 657, 600, 1594, 1617, 1609, 1612, 160, 160, 780, 603]
[174, 177, 167, 167, 170, 176, 161, 150, 298, 314, 268, 270, 197, 195, 217, 204, 439, 412, 514, 493, 201, 189, 509, 474, 456, 443, 529, 530, 327, 179, 447, 539, 501, 489, 535, 527, 178, 163, 273, 539, 524, 529, 533, 521, 213, 170, 187, 544, 1566, 1622, 1598, 492, 234, 179, 676, 593, 1630, 1600, 1594, 1620, 163, 159, 751, 611]
[184, 173, 178, 165, 174, 169, 160, 149, 290, 310, 265, 252, 193, 191, 204, 199, 446, 416, 505, 484, 218, 195, 516, 425, 456, 445, 536, 527, 299, 180, 367, 542, 507, 487, 528, 531, 175, 164, 272, 536, 531, 528, 534, 530, 204, 172, 184, 541, 1546, 1582, 1639, 489, 392, 174, 218, 603, 1617, 1599, 1611, 1642, 160, 159, 804, 603]
[185, 177, 173, 175, 168, 175, 157, 149, 292, 293, 289, 264, 207, 190, 210, 208, 442, 433, 499, 492, 204, 188, 270, 451, 454, 439, 534, 531, 270, 178, 352, 542, 501, 495, 535, 532, 181, 165, 241, 538, 522, 530, 528, 531, 202, 169, 185, 542, 1611, 1582, 1626, 481, 395, 181, 681, 603, 1598, 1607, 1603, 1612, 160, 155, 765, 598]
[178, 177, 172, 168, 171, 173, 160, 151, 317, 297, 288, 256, 202, 191, 202, 205, 437, 416, 492, 492, 204, 195, 506, 457, 450, 441, 533, 534, 293, 176, 347, 538, 501, 501, 536, 534, 184, 162, 276, 534, 529, 530, 523, 527, 214, 173, 185, 538, 1609, 1602, 1608, 469, 216, 174, 695, 601, 1604, 1631, 1580, 1605, 165, 160, 769, 607]
[182, 177, 174, 168, 170, 173, 158, 147, 316, 306, 268, 276, 193, 191, 200, 201, 440, 421, 504, 488, 194, 188, 484, 476, 443, 440, 533, 533, 283, 181, 344, 541, 501, 493, 535, 532, 192, 162, 272, 536, 523, 528, 525, 529, 215, 172, 185, 540, 1587, 1624, 1626, 474, 483, 184, 204, 597, 1644, 1591, 1615, 1636, 159, 156, 770, 595]
[182, 179, 178, 172, 166, 169, 156, 146, 289, 310, 293, 254, 196, 190, 205, 201, 442, 420, 498, 491, 201, 194, 508, 470, 454, 437, 539, 537, 294, 183, 373, 540, 506, 499, 535, 535, 188, 165, 272, 540, 529, 526, 536, 531, 214, 170, 187, 543, 1595, 1604, 1602, 487, 404, 175, 745, 587, 1644, 1601, 1596, 1601, 161, 158, 795, 602]
[171, 171, 176, 173, 170, 171, 160, 151, 312, 300, 270, 257, 194, 189, 215, 201, 447, 416, 494, 495, 221, 189, 525, 460, 451, 441, 537, 537, 285, 172, 367, 538, 498, 485, 538, 537, 186, 165, 243, 534, 521, 532, 525, 520, 231, 169, 190, 537, 1587, 1564, 1616, 482, 198, 175, 669, 592, 1596, 1604, 1596, 345, 158, 160, 760, 595]
[173, 179, 177, 173, 173, 169, 164, 146, 314, 290, 279, 255, 193, 191, 204, 201, 446, 416, 501, 495, 207, 192, 504, 479, 456, 441, 531, 539, 304, 181, 364, 541, 508, 485, 533, 533, 195, 164, 279, 539, 521, 528, 531, 531, 223, 168, 184, 541, 1577, 1593, 1629, 484, 392, 175, 211, 595, 1596, 1604, 1610, 321, 160, 161, 765, 602]
[188, 184, 167, 168, 174, 173, 156, 144, 285, 318, 303, 278, 203, 190, 214, 201, 440, 418, 489, 484, 212, 193, 512, 471, 449, 436, 534, 524, 272, 184, 362, 537, 498, 487, 529, 538, 186, 163, 281, 535, 526, 528, 527, 527, 225, 171, 189, 544, 1600, 1591, 511, 518, 1026, 175, 696, 604, 1565, 1573, 1612, 1619, 161, 157, 783, 589]
[173, 178, 179, 172, 175, 169, 158, 145, 296, 298, 266, 262, 196, 193, 209, 204, 443, 420, 513, 487, 208, 187, 515, 454, 450, 444, 530, 528, 314, 182, 363, 539, 508, 486, 534, 531, 192, 163, 264, 538, 524, 528, 531, 534, 220, 171, 188, 545, 1593, 1597, 1609, 496, 389, 175, 609, 599, 1609, 1602, 1602, 1611, 164, 158, 780, 597]
[173, 182, 171, 175, 172, 170, 155, 147, 298, 286, 294, 280, 191, 197, 200, 204, 444, 416, 502, 487, 204, 195, 457, 456, 437, 441, 533, 529, 291, 176, 358, 539, 499, 487, 531, 535, 185, 164, 248, 539, 521, 528, 534, 526, 229, 169, 188, 534, 1592, 1604, 1615, 467, 401, 176, 669, 600, 1603, 1603, 1610, 1615, 162, 155, 796, 597]
[169, 178, 169, 165, 168, 172, 158, 147, 319, 296, 286, 288, 202, 188, 208, 206, 441, 417, 491, 481, 219, 193, 498, 455, 454, 435, 528, 530, 267, 181, 383, 536, 500, 486, 526, 532, 182, 166, 532, 540, 527, 532, 531, 527, 217, 172, 182, 539, 1585, 1605, 1616, 473, 394, 183, 216, 606, 1603, 1568, 1590, 1623, 164, 158, 763, 597]
[176, 184, 168, 166, 169, 172, 155, 150, 290, 288, 291, 256, 191, 188, 206, 208, 432, 418, 502, 487, 215, 195, 478, 389, 451, 441, 532, 541, 290, 178, 365, 540, 507, 487, 535, 522, 193, 166, 274, 538, 529, 528, 535, 517, 225, 170, 186, 539, 1575, 1606, 1617, 497, 383, 175, 205, 606, 1603, 1605, 1619, 1609, 161, 158, 772, 596]
[175, 184, 172, 173, 167, 174, 158, 150, 304, 297, 282, 275, 207, 191, 204, 204, 440, 420, 506, 488, 209, 194, 471, 436, 450, 444, 534, 533, 288, 181, 363, 538, 501, 491, 530, 534, 186, 164, 246, 540, 527, 532, 525, 532, 216, 170, 186, 541, 1589, 1603, 1615, 499, 391, 182, 709, 607, 1592, 1604, 1624, 1626, 159, 157, 776, 589]
[175, 179, 171, 166, 170, 171, 161, 150, 315, 299, 293, 293, 196, 191, 203, 203, 441, 418, 504, 487, 203, 186, 505, 473, 454, 437, 532, 535, 323, 177, 371, 539, 499, 499, 532, 522, 172, 165, 274, 540, 525, 531, 527, 524, 226, 171, 190, 539, 1589, 1608, 1607, 475, 229, 184, 724, 600, 1573, 1604, 1638, 306, 163, 160, 778, 596]
[173, 179, 171, 163, 177, 173, 162, 147, 313, 308, 298, 253, 205, 190, 207, 205, 450, 424, 499, 485, 203, 189, 497, 454, 451, 436, 534, 534, 285, 180, 371, 541, 503, 495, 530, 528, 176, 164, 539, 536, 525, 529, 529, 525, 226, 170, 186, 540, 1554, 1619, 1610, 498, 226, 172, 210, 601, 1581, 1595, 1599, 1632, 161, 160, 773, 601]
[171, 182, 181, 165, 173, 170, 156, 147, 293, 288, 295, 269, 202, 191, 205, 202, 439, 419, 493, 488, 215, 192, 407, 413, 453, 441, 535, 531, 269, 182, 370, 543, 494, 493, 531, 534, 194, 164, 244, 536, 522, 531, 531, 526, 223, 169, 190, 543, 1568, 1576, 1592, 466, 480, 173, 669, 587, 1638, 1610, 1608, 1608, 161, 156, 739, 584]
[174, 184, 178, 168, 174, 170, 160, 145, 298, 295, 270, 274, 198, 185, 200, 196, 440, 415, 497, 478, 217, 190, 516, 390, 449, 440, 535, 532, 309, 182, 372, 536, 503, 487, 532, 533, 184, 165, 260, 537, 522, 529, 525, 535, 222, 171, 191, 544, 1584, 1596, 1592, 1601, 388, 171, 647, 595, 1635, 1599, 1590, 1605, 161, 158, 759, 584]
[175, 181, 166, 171, 174, 170, 161, 148, 279, 297, 293, 274, 204, 194, 207, 207, 452, 413, 512, 491, 200, 191, 487, 449, 451, 440, 532, 537, 289, 179, 369, 536, 499, 493, 531, 530, 196, 165, 268, 540, 528, 532, 529, 525, 226, 168, 191, 532, 1528, 1625, 1587, 494, 222, 173, 194, 596, 1582, 1604, 1582, 1612, 159, 157, 743, 598]
[179, 177, 178, 175, 167, 175, 157, 148, 292, 300, 272, 274, 196, 190, 208, 203, 443, 414, 507, 491, 219, 192, 482, 411, 453, 440, 532, 531, 284, 179, 520, 543, 508, 489, 537, 532, 194, 167, 248, 537, 522, 529, 533, 530, 213, 169, 187, 537, 1604, 1594, 1619, 470, 226, 182, 670, 583, 1592, 1587, 1601, 1633, 159, 159, 783, 591]
[181, 178, 172, 176, 177, 171, 159, 145, 298, 294, 292, 291, 194, 195, 209, 202, 441, 417, 516, 488, 531, 189, 517, 467, 453, 444, 531, 529, 310, 180, 524, 537, 503, 492, 535, 532, 185, 165, 245, 538, 529, 528, 535, 515, 224, 173, 191, 544, 1573, 1612, 1595, 473, 394, 182, 689, 602, 1611, 1614, 1596, 1609, 160, 159, 784, 604]
[180, 179, 171, 174, 168, 174, 157, 150, 297, 295, 270, 272, 192, 190, 211, 204, 445, 419, 511, 498, 207, 188, 507, 513, 454, 439, 528, 532, 283, 179, 372, 536, 501, 482, 530, 534, 187, 162, 242, 541, 528, 533, 532, 522, 225, 168, 191, 544, 1593, 1588, 1587, 502, 1028, 172, 698, 607, 1556, 1622, 1612, 324, 159, 161, 786, 595]
[171, 172, 170, 167, 173, 174, 156, 148, 292, 296, 279, 256, 192, 191, 218, 198, 447, 426, 492, 491, 205, 189, 502, 410, 439, 440, 536, 535, 271, 183, 368, 543, 504, 489, 530, 522, 188, 164, 244, 536, 525, 527, 533, 525, 230, 171, 188, 540, 1608, 1597, 1594, 485, 220, 179, 584, 605, 1592, 1611, 1617, 1619, 161, 158, 732, 617]
[172, 176, 171, 166, 173, 170, 155, 150, 299, 296, 302, 274, 204, 191, 206, 206, 445, 416, 498, 485, 209, 189, 487, 463, 453, 443, 529, 540, 291, 184, 371, 536, 506, 491, 534, 533, 187, 165, 537, 538, 524, 534, 526, 532, 216, 169, 189, 538, 1587, 1587, 1585, 449, 470, 177, 209, 595, 1592, 1625, 1611, 1604, 159, 160, 781, 601]
[183, 181, 177, 167, 177, 174, 160, 145, 287, 289, 290, 265, 210, 192, 205, 211, 443, 409, 508, 496, 206, 198, 509, 476, 452, 436, 533, 534, 272, 178, 340, 539, 505, 484, 530, 537, 190, 163, 274, 540, 520, 533, 523, 534, 225, 172, 184, 543, 1569, 1598, 1601, 492, 228, 174, 729, 588, 1593, 1614, 1589, 1621, 161, 160, 756, 595]
[185, 177, 170, 170, 171, 171, 161, 150, 316, 298, 265, 260, 197, 191, 210, 205, 443, 419, 496, 494, 207, 194, 505, 505, 451, 440, 536, 534, 312, 182, 364, 537, 504, 488, 533, 531, 187, 165, 278, 541, 535, 529, 523, 529, 214, 171, 185, 541, 1555, 1611, 1627, 496, 233, 184, 671, 599, 1633, 1632, 1594, 1618, 162, 160, 761, 596]
[179, 170, 178, 176, 171, 166, 155, 151, 310, 294, 280, 278, 206, 195, 204, 198, 446, 413, 486, 501, 203, 187, 515, 476, 456, 440, 533, 535, 294, 184, 361, 537, 502, 487, 536, 524, 193, 164, 536, 538, 531, 533, 535, 533, 216, 170, 187, 540, 1606, 1594, 1591, 509, 228, 181, 755, 603, 1590, 1620, 1640, 1602, 163, 159, 737, 597]
[182, 181, 167, 167, 177, 170, 157, 145, 297, 292, 295, 258, 193, 194, 207, 207, 447, 417, 515, 488, 203, 191, 509, 459, 454, 438, 529, 529, 283, 180, 447, 539, 505, 499, 535, 528, 179, 163, 279, 541, 523, 525, 539, 537, 228, 168, 186, 543, 1547, 1632, 1584, 512, 226, 174, 678, 597, 1611, 1596, 1621, 1612, 163, 158, 768, 591]
[179, 173, 168, 174, 175, 170, 156, 148, 294, 307, 292, 291, 195, 192, 206, 205, 445, 415, 487, 491, 204, 189, 475, 485, 446, 442, 534, 534, 282, 184, 519, 541, 501, 491, 535, 530, 180, 165, 275, 535, 526, 531, 532, 522, 219, 167, 186, 537, 1585, 1598, 1603, 458, 228, 182, 719, 592, 1592, 1594, 1605, 1622, 161, 158, 749, 591]
[185, 184, 167, 170, 175, 171, 156, 150, 293, 310, 295, 272, 197, 191, 205, 207, 444, 421, 515, 496, 207, 194, 483, 452, 452, 443, 536, 536, 329, 183, 393, 535, 501, 490, 538, 532, 191, 165, 276, 537, 525, 532, 529, 512, 215, 173, 185, 539, 1601, 1597, 1617, 480, 394, 176, 210, 600, 1602, 1575, 1605, 1604, 165, 161, 766, 604]
[186, 182, 168, 171, 167, 175, 155, 147, 301, 295, 269, 292, 194, 192, 200, 205, 452, 417, 495, 493, 208, 195, 475, 393, 456, 436, 532, 532, 299, 181, 536, 539, 499, 489, 528, 535, 192, 165, 280, 537, 526, 527, 537, 529, 218, 167, 188, 543, 1600, 1617, 1639, 498, 405, 186, 213, 593, 1602, 1620, 1640, 1583, 161, 161, 779, 595]
[169, 183, 167, 170, 171, 172, 158, 148, 313, 295, 292, 246, 205, 190, 208, 207, 449, 420, 503, 495, 202, 196, 512, 473, 452, 435, 535, 524, 313, 180, 526, 542, 501, 488, 535, 531, 187, 166, 277, 540, 531, 521, 528, 526, 213, 174, 188, 542, 1617, 1572, 1611, 476, 986, 182, 208, 592, 1583, 1597, 1607, 1616, 163, 160, 748, 594]
[173, 173, 173, 171, 178, 176, 154, 145, 317, 298, 299, 273, 194, 193, 205, 209, 450, 419, 513, 487, 216, 194, 498, 461, 452, 440, 537, 533, 269, 179, 375, 538, 504, 488, 536, 534, 177, 164, 264, 537, 522, 528, 528, 531, 229, 171, 191, 539, 1583, 1591, 1594, 489, 332, 179, 702, 603, 1583, 1595, 1612, 1580, 162, 159, 770, 603]
[182, 183, 178, 175, 166, 175, 157, 145, 294, 308, 290, 258, 198, 188, 209, 204, 450, 424, 512, 495, 205, 193, 511, 516, 452, 439, 534, 535, 265, 181, 432, 534, 497, 489, 528, 537, 176, 163, 266, 539, 531, 534, 527, 530, 216, 171, 186, 542, 1592, 1594, 1618, 456, 231, 169, 671, 587, 1635, 1584, 1615, 1620, 161, 158, 760, 592]
[166, 175, 181, 167, 174, 176, 158, 150, 320, 302, 259, 271, 197, 195, 206, 195, 446, 420, 504, 490, 210, 191, 477, 475, 451, 434, 531, 532, 291, 181, 368, 540, 501, 488, 536, 532, 177, 164, 276, 543, 524, 528, 534, 517, 216, 168, 189, 541, 1611, 1623, 1615, 472, 231, 176, 698, 592, 1606, 1612, 1623, 1608, 163, 160, 767, 589]
[181, 178, 176, 167, 174, 169, 160, 148, 312, 294, 293, 247, 193, 193, 206, 208, 432, 427, 507, 492, 527, 193, 465, 420, 442, 440, 532, 528, 304, 180, 459, 538, 497, 485, 525, 528, 186, 163, 248, 540, 525, 529, 528, 531, 220, 169, 188, 540, 1600, 1616, 1612, 1618, 235, 173, 215, 592, 1620, 1597, 1608, 1637, 163, 158, 777, 609]
[182, 177, 168, 162, 174, 171, 161, 146, 296, 293, 291, 284, 194, 197, 207, 207, 443, 414, 506, 492, 205, 193, 527, 485, 454, 443, 530, 535, 266, 185, 519, 539, 501, 490, 537, 533, 189, 165, 278, 534, 531, 525, 530, 530, 223, 171, 188, 545, 474, 1576, 1584, 496, 400, 175, 214, 590, 1584, 1608, 1612, 1636, 163, 162, 748, 589]
[186, 177, 170, 174, 169, 171, 159, 146, 287, 295, 277, 260, 193, 189, 201, 201, 442, 414, 510, 487, 209, 194, 510, 458, 441, 441, 533, 534, 288, 179, 364, 544, 496, 494, 530, 534, 189, 162, 274, 538, 527, 528, 528, 525, 223, 171, 187, 542, 1594, 1604, 1607, 1643, 404, 169, 215, 595, 1578, 1616, 1601, 1609, 160, 161, 754, 597]
[177, 174, 172, 173, 168, 171, 160, 150, 312, 307, 296, 294, 195, 191, 211, 211, 443, 423, 495, 491, 203, 185, 511, 473, 451, 441, 533, 536, 282, 176, 348, 540, 502, 489, 533, 531, 178, 161, 278, 537, 530, 526, 536, 533, 220, 169, 187, 540, 1574, 1582, 1594, 459, 335, 178, 202, 602, 1578, 1601, 1603, 1640, 162, 157, 759, 612]
[175, 184, 170, 172, 168, 172, 154, 145, 302, 294, 293, 271, 196, 193, 216, 202, 454, 416, 489, 489, 200, 190, 504, 463, 454, 439, 533, 532, 321, 178, 354, 537, 498, 492, 529, 531, 186, 162, 274, 540, 525, 531, 529, 528, 215, 169, 190, 544, 1593, 1629, 1608, 468, 400, 180, 210, 589, 1596, 1609, 1589, 1640, 159, 159, 776, 591]
[170, 175, 173, 170, 169, 171, 157, 148, 297, 308, 295, 259, 195, 193, 208, 205, 447, 412, 488, 485, 205, 194, 483, 468, 452, 438, 535, 533, 293, 178, 364, 540, 507, 487, 526, 534, 170, 163, 263, 537, 527, 534, 533, 522, 216, 172, 192, 542, 1554, 1601, 509, 470, 229, 184, 678, 607, 1638, 1624, 1590, 1635, 159, 159, 785, 589]
[182, 179, 174, 175, 170, 171, 160, 146, 294, 297, 295, 273, 210, 191, 208, 204, 442, 418, 497, 485, 206, 190, 475, 464, 455, 442, 533, 533, 284, 180, 529, 536, 502, 487, 530, 532, 190, 164, 270, 535, 524, 531, 532, 524, 230, 171, 190, 544, 1593, 1566, 1602, 448, 510, 177, 207, 604, 1602, 1562, 1624, 1599, 157, 160, 760, 596]
[180, 174, 170, 170, 168, 174, 160, 152, 287, 308, 289, 255, 205, 189, 202, 210, 442, 423, 519, 494, 206, 194, 504, 474, 448, 440, 536, 528, 270, 186, 352, 536, 494, 490, 536, 534, 197, 164, 274, 535, 529, 528, 528, 517, 216, 171, 186, 547, 1608, 1596, 1601, 468, 229, 179, 214, 593, 1597, 1598, 1601, 1605, 164, 158, 754, 602]
[182, 182, 170, 169, 175, 172, 156, 151, 312, 306, 263, 252, 196, 191, 203, 207, 438, 421, 511, 483, 218, 192, 513, 474, 451, 438, 525, 534, 292, 178, 530, 538, 505, 488, 535, 528, 182, 163, 535, 537, 524, 524, 534, 520, 219, 170, 184, 543, 1618, 1575, 1637, 491, 387, 184, 212, 590, 1624, 1621, 1604, 1615, 157, 160, 778, 596]
[181, 180, 169, 171, 168, 174, 156, 149, 279, 285, 305, 253, 195, 188, 209, 210, 449, 419, 495, 486, 218, 193, 478, 466, 450, 442, 533, 527, 284, 180, 360, 537, 498, 487, 533, 534, 194, 165, 263, 540, 526, 527, 524, 523, 226, 172, 189, 540, 1589, 1585, 1586, 487, 221, 172, 211, 589, 1585, 1611, 1595, 1603, 160, 156, 776, 588]
[176, 179, 168, 175, 170, 173, 155, 148, 296, 291, 267, 261, 195, 189, 206, 203, 453, 414, 514, 493, 216, 188, 478, 450, 449, 442, 535, 531, 284, 177, 365, 536, 503, 492, 532, 534, 184, 166, 249, 532, 528, 524, 526, 530, 220, 170, 186, 542, 1589, 1606, 1616, 468, 224, 171, 695, 600, 1585, 1592, 1618, 1602, 161, 159, 785, 592]
[175, 184, 170, 168, 175, 171, 156, 153, 293, 307, 287, 266, 194, 190, 206, 204, 440, 419, 490, 483, 206, 195, 510, 463, 448, 437, 532, 535, 293, 184, 380, 538, 495, 489, 533, 535, 181, 164, 264, 536, 524, 525, 529, 531, 222, 170, 189, 540, 1577, 1631, 1593, 476, 405, 180, 705, 593, 1603, 1605, 1619, 272, 160, 159, 768, 600]
[180, 181, 170, 166, 173, 171, 156, 147, 297, 291, 304, 258, 198, 189, 204, 202, 442, 417, 503, 490, 204, 192, 510, 463, 454, 438, 533, 532, 285, 181, 364, 541, 502, 492, 531, 533, 180, 164, 283, 539, 521, 531, 528, 533, 235, 171, 185, 540, 1575, 1598, 1601, 479, 1092, 177, 707, 600, 1608, 1603, 1601, 1622, 163, 159, 765, 605]
[183, 178, 177, 165, 168, 172, 162, 145, 300, 296, 268, 288, 193, 187, 204, 205, 444, 421, 483, 494, 202, 193, 470, 473, 453, 439, 538, 533, 272, 179, 356, 543, 503, 495, 533, 539, 184, 163, 245, 538, 525, 527, 530, 524, 217, 171, 184, 542, 1582, 1621, 1614, 489, 222, 183, 207, 593, 1604, 1603, 1610, 1595, 161, 158, 774, 602]
[181, 176, 175, 165, 173, 167, 157, 149, 297, 297, 296, 259, 194, 186, 217, 203, 440, 424, 515, 491, 208, 190, 511, 380, 452, 441, 532, 528, 309, 181, 359, 539, 498, 490, 533, 529, 175, 165, 280, 538, 524, 524, 530, 534, 219, 172, 185, 545, 1590, 1606, 1611, 474, 221, 175, 703, 603, 1612, 1613, 1575, 1625, 164, 161, 758, 589]
[179, 183, 170, 164, 171, 169, 158, 147, 292, 308, 300, 253, 195, 192, 215, 204, 446, 419, 499, 488, 206, 195, 519, 517, 456, 439, 530, 531, 296, 182, 527, 535, 500, 486, 535, 528, 190, 164, 272, 540, 530, 529, 533, 532, 225, 170, 196, 536, 1567, 1617, 498, 486, 397, 174, 205, 605, 1575, 1616, 1582, 1630, 160, 159, 787, 595]
[173, 178, 178, 167, 171, 170, 157, 149, 292, 293, 271, 256, 196, 191, 207, 201, 446, 418, 505, 484, 205, 189, 476, 401, 454, 439, 537, 536, 270, 180, 522, 542, 500, 489, 527, 535, 188, 165, 273, 544, 528, 529, 528, 524, 213, 172, 192, 544, 1595, 1613, 1584, 475, 986, 170, 213, 608, 1575, 1594, 1605, 1624, 162, 158, 764, 603]
[180, 173, 169, 173, 171, 176, 160, 152, 298, 316, 269, 257, 195, 193, 200, 204, 448, 421, 518, 487, 204, 190, 505, 419, 449, 439, 539, 533, 284, 176, 530, 542, 499, 486, 528, 530, 184, 165, 275, 544, 529, 529, 525, 534, 228, 171, 188, 542, 1570, 1600, 1624, 472, 416, 187, 206, 594, 1569, 1603, 1584, 1608, 161, 159, 761, 597]
[182, 181, 174, 173, 174, 170, 155, 153, 291, 309, 293, 255, 191, 194, 200, 198, 444, 417, 500, 490, 218, 193, 463, 532, 443, 439, 531, 536, 283, 185, 364, 539, 501, 491, 540, 523, 186, 163, 276, 541, 527, 525, 526, 523, 218, 169, 187, 544, 1577, 1574, 1596, 460, 236, 168, 705, 587, 1589, 1607, 1595, 1649, 163, 159, 749, 605]
[182, 185, 172, 177, 173, 172, 161, 146, 295, 289, 291, 293, 211, 194, 217, 205, 447, 420, 494, 490, 210, 197, 522, 457, 456, 441, 533, 532, 264, 181, 519, 533, 501, 493, 532, 534, 190, 162, 270, 541, 528, 534, 527, 524, 224, 170, 186, 543, 1571, 1595, 1606, 501, 226, 173, 690, 604, 1634, 1614, 1629, 341, 165, 158, 761, 595]
[184, 170, 177, 167, 178, 174, 155, 147, 295, 304, 299, 256, 193, 188, 212, 209, 449, 423, 500, 491, 205, 187, 471, 476, 453, 442, 530, 529, 269, 180, 361, 540, 497, 487, 529, 532, 183, 167, 245, 543, 528, 527, 532, 521, 223, 172, 190, 539, 1612, 1563, 1592, 480, 334, 182, 670, 604, 1656, 1604, 1604, 1619, 160, 160, 766, 603]
[185, 180, 178, 173, 174, 174, 159, 148, 304, 297, 287, 274, 213, 191, 207, 207, 452, 419, 518, 488, 204, 193, 475, 475, 450, 438, 534, 522, 297, 183, 360, 540, 504, 490, 530, 531, 191, 165, 281, 535, 522, 532, 528, 532, 221, 174, 189, 541, 1559, 1602, 1598, 499, 383, 185, 678, 591, 1656, 1606, 1596, 1590, 162, 157, 795, 609]
[182, 185, 179, 171, 177, 175, 160, 152, 292, 299, 294, 274, 194, 192, 206, 208, 452, 426, 517, 490, 214, 190, 479, 514, 454, 444, 534, 524, 300, 184, 518, 541, 502, 493, 530, 536, 181, 165, 279, 537, 518, 529, 537, 536, 217, 168, 189, 549, 1566, 1627, 1589, 461, 337, 181, 677, 602, 1632, 1593, 1612, 1607, 163, 158, 754, 599]
